owner_firm_id,owner_firm_name,owner_firm_state,company_id,company_name,sector,location,acquired_date,acquisition_type,exit_date,exit_type,hold_years,is_current,revenue_millions_usd,acquisitions_during_hold,divestitures_during_hold,mergr_url,_fetched_at
6836,Aker Business,Michigan,337327,IT Hardware Plus,Technology Hardware,"Elgin, Illinois, United States",2025-05-06,"Buyout (LBO, MBO, MBI)",,,1.3,True,,0,0,https://mergr.com/company/337327,2026-09-08T11:14:17.833575+00:00
6836,Aker Business,Michigan,337326,Elarasys,Technology Hardware,"Elgin, Illinois, United States",2025-05-06,"Buyout (LBO, MBO, MBI)",,,1.3,True,,0,0,https://mergr.com/company/337326,2026-09-08T11:14:17.833575+00:00
5267,Auxo Investment Partners,Michigan,336385,Bay Cast,Manufacturing,"Bay City, Michigan, United States",2025-05-09,"Buyout (LBO, MBO, MBI)",,,1.3,True,,0,0,https://mergr.com/company/336385,2026-09-08T11:14:17.833575+00:00
5267,Auxo Investment Partners,Michigan,333057,Southeast Vegetation Management,Business Services,"Brierfield, Alabama, United States",2025-01-21,"Buyout (LBO, MBO, MBI)",,,1.6,True,,0,0,https://mergr.com/company/333057,2026-09-08T11:14:17.833575+00:00
5267,Auxo Investment Partners,Michigan,314227,SOS Manufacturing,Manufacturing,"Roberts, Wisconsin, United States",2023-06-14,"Buyout (LBO, MBO, MBI)",,,3.2,True,,0,0,https://mergr.com/company/314227,2026-09-08T11:14:17.833575+00:00
5267,Auxo Investment Partners,Michigan,239887,Avon Machining,Machinery,"Shelby Township, Michigan, United States",2023-06-05,Secondary Buyout,,,3.3,True,,0,0,https://mergr.com/company/239887,2026-09-08T11:14:17.833575+00:00
5267,Auxo Investment Partners,Michigan,297355,GSA,Electrical Equipment,"Fremont, California, United States",2022-03-11,"Buyout (LBO, MBO, MBI)",,,4.4,True,,2,0,https://mergr.com/company/297355,2026-09-08T11:14:17.833575+00:00
5267,Auxo Investment Partners,Michigan,295704,Securit Metal Products,Manufacturing,"Dowagic, Michigan, United States",2022-02-01,"Buyout (LBO, MBO, MBI)",,,4.6,True,,0,0,https://mergr.com/company/295704,2026-09-08T11:14:17.833575+00:00
5267,Auxo Investment Partners,Michigan,291801,Genesis Rail Services,Transportation,"Roanoke, Virginia, United States",2021-10-27,"Buyout (LBO, MBO, MBI)",,,4.8,True,,2,1,https://mergr.com/company/291801,2026-09-08T11:14:17.833575+00:00
5267,Auxo Investment Partners,Michigan,289679,Altus,Healthcare Services,"Grand Rapids, Michigan, United States",2021-08-25,"Buyout (LBO, MBO, MBI)",,,5,True,,0,0,https://mergr.com/company/289679,2026-09-08T11:14:17.833575+00:00
5267,Auxo Investment Partners,Michigan,277603,GC Dies,Manufacturing,"Elmhurst, Illinois, United States",2020-10-22,"Buyout (LBO, MBO, MBI)",,,5.8,True,,0,0,https://mergr.com/company/277603,2026-09-08T11:14:17.833575+00:00
5267,Auxo Investment Partners,Michigan,22136,Precision Products Group,Manufacturing,"Indianapolis, Indiana, United States",2020-10-07,Secondary Buyout,,,5.9,True,,3,0,https://mergr.com/company/22136,2026-09-08T11:14:17.833575+00:00
5267,Auxo Investment Partners,Michigan,258556,Andrie,Marine,"Muskegon, Michigan, United States",2019-02-21,Growth Capital,2024-07-31,Divestiture,5.4,False,,0,0,https://mergr.com/company/258556,2026-09-08T11:14:17.833575+00:00
5267,Auxo Investment Partners,Michigan,255070,Prestige Stamping,Manufacturing,"Warren, Michigan, United States",2018-10-15,Growth Capital,,,7.8,True,,0,0,https://mergr.com/company/255070,2026-09-08T11:14:17.833575+00:00
5267,Auxo Investment Partners,Michigan,253322,Midway Rotary Die Solutions,Machinery,"Williamston, Michigan, United States",2018-08-07,"Buyout (LBO, MBO, MBI)",,,8.1,True,,0,0,https://mergr.com/company/253322,2026-09-08T11:14:17.833575+00:00
5267,Auxo Investment Partners,Michigan,246134,M/G Transport Services,Transportation,"Matairie, Louisiana, United States",2017-12-07,"Buyout (LBO, MBO, MBI)",2022-08-10,Divestiture,4.7,False,,0,0,https://mergr.com/company/246134,2026-09-08T11:14:17.833575+00:00
5267,Auxo Investment Partners,Michigan,2654,Atlas Die,Manufacturing,"Elkhart, Indiana, United States",2017-09-05,Secondary Buyout,,,9,True,,0,1,https://mergr.com/company/2654,2026-09-08T11:14:17.833575+00:00
5267,Auxo Investment Partners,Michigan,176320,Bernal,Manufacturing,"Rochester Hills, Michigan, United States",2017-09-05,Divestiture,,,9,True,,0,0,https://mergr.com/company/176320,2026-09-08T11:14:17.833575+00:00
37,Blackford Capital,Michigan,70569,IES,Safety/Security,"Rancho Cordova, California, United States",2026-08-19,"Buyout (LBO, MBO, MBI)",,,0,True,,0,0,https://mergr.com/company/70569,2026-09-08T11:14:17.833575+00:00
37,Blackford Capital,Michigan,344358,Moro,Building Materials,"Natick, Massachusetts, United States",2025-12-29,Going Private,,,0.7,True,,0,0,https://mergr.com/company/344358,2026-09-08T11:14:17.833575+00:00
37,Blackford Capital,Michigan,333248,Ace Controls,Business Services,"Humble, Texas, United States",2025-01-27,"Buyout (LBO, MBO, MBI)",,,1.6,True,,0,0,https://mergr.com/company/333248,2026-09-08T11:14:17.833575+00:00
37,Blackford Capital,Michigan,332058,SFS,Safety/Security,"Coppell, Texas, United States",2024-12-20,"Buyout (LBO, MBO, MBI)",,,1.7,True,,1,0,https://mergr.com/company/332058,2026-09-08T11:14:17.833575+00:00
37,Blackford Capital,Michigan,319510,LTD,Retail,"San Diego, California, United States",2023-12-05,"Buyout (LBO, MBO, MBI)",,,2.8,True,,0,0,https://mergr.com/company/319510,2026-09-08T11:14:17.833575+00:00
37,Blackford Capital,Michigan,313909,Paciv,Machinery,"San Juan, Puerto Rico",2023-06-05,"Buyout (LBO, MBO, MBI)",,,3.3,True,,1,0,https://mergr.com/company/313909,2026-09-08T11:14:17.833575+00:00
37,Blackford Capital,Michigan,307584,Artificial Turf Supply,Manufacturing,"Carlsbad, California, United States",2022-11-30,"Buyout (LBO, MBO, MBI)",,,3.8,True,,0,0,https://mergr.com/company/307584,2026-09-08T11:14:17.833575+00:00
37,Blackford Capital,Michigan,307018,Starfire Direct,E-Commerce,"Temecula, California, United States",2022-11-14,"Buyout (LBO, MBO, MBI)",,,3.8,True,,0,0,https://mergr.com/company/307018,2026-09-08T11:14:17.833575+00:00
37,Blackford Capital,Michigan,319462,Design Environments,Engineering,"Marietta, Georgia, United States",2022-10-04,Consolidation,,,3.9,True,,2,0,https://mergr.com/company/319462,2026-09-08T11:14:17.833575+00:00
37,Blackford Capital,Michigan,292095,ID Collaborative,Business Services,"Greensboro, North Carolina, United States",2021-11-02,"Buyout (LBO, MBO, MBI)",2022-10-04,Spin Off,0.9,False,,0,0,https://mergr.com/company/292095,2026-09-08T11:14:17.833575+00:00
37,Blackford Capital,Michigan,280498,Aqua-Leisure,Consumer Products,"Avon, Massachusetts, United States",2021-01-13,Growth Capital,,,5.6,True,,2,0,https://mergr.com/company/280498,2026-09-08T11:14:17.833575+00:00
37,Blackford Capital,Michigan,254292,Hall Technologies,Electronics,"Coppell, Texas, United States",2018-09-18,Growth Capital,2022-04-13,Trade Sale - Public Company,3.5,False,,0,0,https://mergr.com/company/254292,2026-09-08T11:14:17.833575+00:00
37,Blackford Capital,Michigan,248516,Supplies Wholesalers,Distribution,"Reno, Nevada, United States",2018-02-12,Growth Capital,2022-06-13,Divestiture,4.3,False,,0,0,https://mergr.com/company/248516,2026-09-08T11:14:17.833575+00:00
37,Blackford Capital,Michigan,238954,Ellison Bakery,Food,"Fort Wayne, Indiana, United States",2017-04-24,Growth Capital,2020-08-14,Trade Sale - Public Company,3.3,False,,0,0,https://mergr.com/company/238954,2026-09-08T11:14:17.833575+00:00
37,Blackford Capital,Michigan,237943,Vertically Integrated Projects,Business Services,"Addison, Illinois, United States",2017-03-22,"Buyout (LBO, MBO, MBI)",2021-03-18,Spin Off,3.9,False,,0,0,https://mergr.com/company/237943,2026-09-08T11:14:17.833575+00:00
37,Blackford Capital,Michigan,225370,Davalor Mold,Plastics,"Chesterfield, Michigan, United States",2016-08-15,Growth Capital,,,10,True,,1,0,https://mergr.com/company/225370,2026-09-08T11:14:17.833575+00:00
37,Blackford Capital,Michigan,214494,Quality Aluminum Products,Building Materials,"Flat Rock, Michigan, United States",2016-01-25,"Buyout (LBO, MBO, MBI)",2022-08-23,Divestiture,6.5,False,93,0,0,https://mergr.com/company/214494,2026-09-08T11:14:17.833575+00:00
37,Blackford Capital,Michigan,212314,Grand Equipment,Distribution,"Hudsonville, Michigan, United States",2015-12-14,Growth Capital,2022-06-16,Trade Sale - Public Company,6.5,False,,0,0,https://mergr.com/company/212314,2026-09-08T11:14:17.833575+00:00
37,Blackford Capital,Michigan,200484,Dickinson Press,Publishing,"Grand Rapids, Michigan, United States",2015-08-17,"Buyout (LBO, MBO, MBI)",2018-11-12,Divestiture,3.2,False,,0,0,https://mergr.com/company/200484,2026-09-08T11:14:17.833575+00:00
37,Blackford Capital,Michigan,180742,McClarin Plastics,Manufacturing,"Gurnee, Illinois, United States",2015-01-11,Growth Capital,,,11.6,True,,1,0,https://mergr.com/company/180742,2026-09-08T11:14:17.833575+00:00
37,Blackford Capital,Michigan,111969,Burgaflex,Manufacturing,"Fenton, Michigan, United States",2014-08-04,Growth Capital,,,12.1,True,,0,0,https://mergr.com/company/111969,2026-09-08T11:14:17.833575+00:00
37,Blackford Capital,Michigan,81909,Grand Power Systems,Electrical Equipment,"Grand Haven, Michigan, United States",2014-03-17,"Buyout (LBO, MBO, MBI)",2022-02-27,Divestiture,7.9,False,,1,0,https://mergr.com/company/81909,2026-09-08T11:14:17.833575+00:00
37,Blackford Capital,Michigan,55346,Mopec,Medical Products,"Madison Heights, Michigan, United States",2013-06-06,"Buyout (LBO, MBO, MBI)",2025-01-06,Trade Sale - Public Company,11.6,False,,0,0,https://mergr.com/company/55346,2026-09-08T11:14:17.833575+00:00
37,Blackford Capital,Michigan,32321,Custom Profile,Plastics,"Grand Rapids, Michigan, United States",2012-08-21,"Buyout (LBO, MBO, MBI)",2019-04-25,Trade Sale - Public Company,6.7,False,,1,0,https://mergr.com/company/32321,2026-09-08T11:14:17.833575+00:00
37,Blackford Capital,Michigan,6030,Key Health,Healthcare Services,"Westlake Village, California, United States",2011-05-16,Recapitalization,2017-05-15,Divestiture,5.9,False,,0,0,https://mergr.com/company/6030,2026-09-08T11:14:17.833575+00:00
37,Blackford Capital,Michigan,27608,Staging Concepts,Business Services,"Minneapolis, Minnesota, United States",2010-08-01,"Buyout (LBO, MBO, MBI)",2017-08-01,Divestiture,7,False,,1,0,https://mergr.com/company/27608,2026-09-08T11:14:17.833575+00:00
37,Blackford Capital,Michigan,23042,Unimacts,Transportation,"Lexington, Massachusetts, United States",2009-01-01,"Buyout (LBO, MBO, MBI)",,,17.7,True,,1,0,https://mergr.com/company/23042,2026-09-08T11:14:17.833575+00:00
37,Blackford Capital,Michigan,18425,Amtech Corp.,Manufacturing,"Wapato, Washington, United States",2009-01-01,"Buyout (LBO, MBO, MBI)",2015-03-31,Spin Off,6.2,False,,1,0,https://mergr.com/company/18425,2026-09-08T11:14:17.833575+00:00
37,Blackford Capital,Michigan,26665,"Industrial Piping, Inc.",Construction,"Pineville, North Carolina, United States",2008-06-18,"Buyout (LBO, MBO, MBI)",,,18.2,True,,0,0,https://mergr.com/company/26665,2026-09-08T11:14:17.833575+00:00
37,Blackford Capital,Michigan,353,BSI,Safety/Security,"Delray Beach, Florida, United States",2007-01-12,"Buyout (LBO, MBO, MBI)",2019-03-01,Divestiture,12.1,False,,0,0,https://mergr.com/company/353,2026-09-08T11:14:17.833575+00:00
37,Blackford Capital,Michigan,356,Zumasys,Information Technology,"Irvine, California, United States",2005-01-01,Stake Purchase,,,21.7,True,,2,2,https://mergr.com/company/356,2026-09-08T11:14:17.833575+00:00
37,Blackford Capital,Michigan,18427,"Quality Imaging Products, Inc.",Manufacturing,"Irvine, California, United States",2001-05-11,"Buyout (LBO, MBO, MBI)",2005-06-03,Trade Sale,4,False,,0,0,https://mergr.com/company/18427,2026-09-08T11:14:17.833575+00:00
52,Bridge Street Capital Partners,Michigan,2368,BlueRidge Fiber Solutions,Manufacturing,"Reedsville, West Virginia, United States",2006-08-01,"Buyout (LBO, MBO, MBI)",,,20.1,True,,0,0,https://mergr.com/company/2368,2026-09-08T11:14:17.833575+00:00
52,Bridge Street Capital Partners,Michigan,442,Affy Tapple,Food,"Niles, Illinois, United States",2005-09-14,"Buyout (LBO, MBO, MBI)",,,20.9,True,,0,0,https://mergr.com/company/442,2026-09-08T11:14:17.833575+00:00
52,Bridge Street Capital Partners,Michigan,441,Performance Fabrics,Apparel/Textiles,"Grand Rapids, Michigan, United States",2005-01-21,"Buyout (LBO, MBO, MBI)",,,21.6,True,,0,0,https://mergr.com/company/441,2026-09-08T11:14:17.833575+00:00
52,Bridge Street Capital Partners,Michigan,9167,Jacob Ash,Apparel/Textiles,"Mckees Rocks, Pennsylvania, United States",2004-08-20,"Buyout (LBO, MBO, MBI)",2011-08-01,Trade Sale - Public Company,6.9,False,,0,0,https://mergr.com/company/9167,2026-09-08T11:14:17.833575+00:00
6089,Century Technology Group,Michigan,314842,MindSpring,Information Technology,"Grand Rapids, Michigan, United States",2022-03-31,Consolidation,,,4.4,True,,2,0,https://mergr.com/company/314842,2026-09-08T11:14:17.833575+00:00
6089,Century Technology Group,Michigan,314857,Th3rd Coast Digital Solutions,Information Technology,"Grand Haven, Michigan, United States",2021-08-31,"Buyout (LBO, MBO, MBI)",2022-03-31,Spin Off,0.6,False,,0,0,https://mergr.com/company/314857,2026-09-08T11:14:17.833575+00:00
6089,Century Technology Group,Michigan,278314,Mutually Human,Software,"Grand Rapids, Michigan, United States",2020-11-17,"Buyout (LBO, MBO, MBI)",,,5.8,True,,1,0,https://mergr.com/company/278314,2026-09-08T11:14:17.833575+00:00
6089,Century Technology Group,Michigan,314856,Inno-Versity,Internet Software and Services,"Ada, Michigan, United States",2019-01-01,"Buyout (LBO, MBO, MBI)",2022-03-31,Spin Off,3.2,False,,0,0,https://mergr.com/company/314856,2026-09-08T11:14:17.833575+00:00
5921,Charter Growth Capital Fund,Michigan,310016,Malley’s Candies,Food,"Brook Park, Ohio, United States",2023-02-14,Growth Capital,,,3.5,True,,0,0,https://mergr.com/company/310016,2026-09-08T11:14:17.833575+00:00
5921,Charter Growth Capital Fund,Michigan,306372,Sparkstone Electrical Group,Electrical Equipment,"Addison, Illinois, United States",2023-01-23,Growth Capital,2024-11-05,Trade Sale - Public Company,1.8,False,,1,0,https://mergr.com/company/306372,2026-09-08T11:14:17.833575+00:00
5921,Charter Growth Capital Fund,Michigan,312097,Superior Investigative Services,Business Services,"Milford, Michigan, United States",2022-05-30,Growth Capital,,,4.3,True,,0,0,https://mergr.com/company/312097,2026-09-08T11:14:17.833575+00:00
5921,Charter Growth Capital Fund,Michigan,274393,Lambert,Business Services,"Grand Rapids, Michigan, United States",2022-02-10,Growth Capital,2024-02-19,Divestiture,2,False,,1,0,https://mergr.com/company/274393,2026-09-08T11:14:17.833575+00:00
5921,Charter Growth Capital Fund,Michigan,290275,Innoplast,Manufacturing,"Garfield Heights, Ohio, United States",2021-05-10,Growth Capital,,,5.3,True,,1,0,https://mergr.com/company/290275,2026-09-08T11:14:17.833575+00:00
5921,Charter Growth Capital Fund,Michigan,270329,Traverse City Products,Manufacturing,"Traverse City, Michigan, United States",2020-03-18,"Buyout (LBO, MBO, MBI)",,,6.4,True,,0,0,https://mergr.com/company/270329,2026-09-08T11:14:17.833575+00:00
5921,Charter Growth Capital Fund,Michigan,267252,All Star Driver Education,Education,"Ann Arbor, Michigan, United States",2019-12-11,"Buyout (LBO, MBO, MBI)",,,6.7,True,,1,0,https://mergr.com/company/267252,2026-09-08T11:14:17.833575+00:00
5921,Charter Growth Capital Fund,Michigan,312088,Keystone Solutions Group,Medical Products,"Kalamazoo, Michigan, United States",2019-10-02,Growth Capital,,,6.9,True,,0,0,https://mergr.com/company/312088,2026-09-08T11:14:17.833575+00:00
5921,Charter Growth Capital Fund,Michigan,277092,Appalachian Cast Products,Manufacturing,"Abingdon, Virginia, United States",2019-01-31,Consolidation,,,7.6,True,,1,0,https://mergr.com/company/277092,2026-09-08T11:14:17.833575+00:00
1600,CITG Capital Partners,Michigan,22275,DM3D Technology,Machinery,"Auburn Hills, Michigan, United States",2013-01-18,"Buyout (LBO, MBO, MBI)",,,13.6,True,,0,0,https://mergr.com/company/22275,2026-09-08T11:14:17.833575+00:00
1600,CITG Capital Partners,Michigan,22276,"LenderLive Network, Inc.",Business Services,"Glendale, Colorado, United States",2011-10-13,"Buyout (LBO, MBO, MBI)",2014-12-15,Trade Sale - Public Company,3.2,False,,1,0,https://mergr.com/company/22276,2026-09-08T11:14:17.833575+00:00
5920,Colfax Creek Capital,Michigan,311937,Dial Tool,Manufacturing,"Addison, Illinois, United States",2023-01-06,"Buyout (LBO, MBO, MBI)",,,3.7,True,,0,0,https://mergr.com/company/311937,2026-09-08T11:14:17.833575+00:00
5920,Colfax Creek Capital,Michigan,270329,Traverse City Products,Manufacturing,"Traverse City, Michigan, United States",2020-03-18,"Buyout (LBO, MBO, MBI)",,,6.4,True,,0,0,https://mergr.com/company/270329,2026-09-08T11:14:17.833575+00:00
5920,Colfax Creek Capital,Michigan,277092,Appalachian Cast Products,Manufacturing,"Abingdon, Virginia, United States",2019-01-31,Consolidation,,,7.6,True,,1,0,https://mergr.com/company/277092,2026-09-08T11:14:17.833575+00:00
5920,Colfax Creek Capital,Michigan,243146,Fluence Automation,Machinery,"Arlington Heights, Illinois, United States",2017-07-31,Divestiture,2021-11-01,Divestiture,4.3,False,,0,0,https://mergr.com/company/243146,2026-09-08T11:14:17.833575+00:00
5920,Colfax Creek Capital,Michigan,277090,Midwest Innovative Products,Manufacturing,"Joliet, Illinois, United States",2017-05-03,Recapitalization,,,9.3,True,,0,0,https://mergr.com/company/277090,2026-09-08T11:14:17.833575+00:00
5920,Colfax Creek Capital,Michigan,276947,GLE Precision,Manufacturing,"Bridgeport, Michigan, United States",2015-08-03,"Buyout (LBO, MBO, MBI)",2021-09-09,Bankruptcy,6.1,False,,0,0,https://mergr.com/company/276947,2026-09-08T11:14:17.833575+00:00
5281,Concurrence Capital Holdings,Michigan,274446,Utility Contracting,Construction,"Sparta, Michigan, United States",2018-08-12,"Buyout (LBO, MBO, MBI)",,,8,True,,0,0,https://mergr.com/company/274446,2026-09-08T11:14:17.833575+00:00
5281,Concurrence Capital Holdings,Michigan,244071,Mission Design & Automation,Machinery,"Holland, Michigan, United States",2017-10-06,Growth Capital,,,8.9,True,,0,0,https://mergr.com/company/244071,2026-09-08T11:14:17.833575+00:00
6388,Credo Private Capital,Michigan,312637,Smede-Son Steel & Building Supply,Building Materials,"Detroit, Michigan, United States",2023-01-03,Recapitalization,,,3.7,True,,0,0,https://mergr.com/company/312637,2026-09-08T11:14:17.833575+00:00
6388,Credo Private Capital,Michigan,299506,Tuff Turf Molebusters,Consumer Services,"Byron Center, Michigan, United States",2022-05-05,"Buyout (LBO, MBO, MBI)",,,4.3,True,,0,0,https://mergr.com/company/299506,2026-09-08T11:14:17.833575+00:00
6388,Credo Private Capital,Michigan,300972,Titanus Cement Wall,Construction,"Novi, Michigan, United States",2021-07-30,Recapitalization,,,5.1,True,,0,0,https://mergr.com/company/300972,2026-09-08T11:14:17.833575+00:00
6619,Gun Lake Investments,Michigan,350924,Sweetgrass Moon Cafe,Restaurants,"Shelbyville, Michigan, United States",2026-04-13,"Buyout (LBO, MBO, MBI)",,,0.3,True,,0,0,https://mergr.com/company/350924,2026-09-08T11:14:17.833575+00:00
6619,Gun Lake Investments,Michigan,350884,Hot n Now,Restaurants,"Grand Rapids, Michigan, United States",2024-10-01,"Buyout (LBO, MBO, MBI)",,,1.9,True,,0,0,https://mergr.com/company/350884,2026-09-08T11:14:17.833575+00:00
6619,Gun Lake Investments,Michigan,254292,Hall Technologies,Electronics,"Coppell, Texas, United States",2022-04-13,Secondary Buyout,,,4.3,True,,0,0,https://mergr.com/company/254292,2026-09-08T11:14:17.833575+00:00
6619,Gun Lake Investments,Michigan,350883,McKay Tower,Real Estate,"Grand Rapids, Michigan, United States",2020-01-15,"Buyout (LBO, MBO, MBI)",,,6.6,True,,0,0,https://mergr.com/company/350883,2026-09-08T11:14:17.833575+00:00
6619,Gun Lake Investments,Michigan,321423,NAWA,Business Services,"Grand Rapids, Michigan, United States",2018-01-01,"Buyout (LBO, MBO, MBI)",,,8.7,True,,0,0,https://mergr.com/company/321423,2026-09-08T11:14:17.833575+00:00
6619,Gun Lake Investments,Michigan,350931,Noonday Market,Retail,"Shelbyville, Michigan, United States",2017-01-01,"Buyout (LBO, MBO, MBI)",,,9.7,True,,0,0,https://mergr.com/company/350931,2026-09-08T11:14:17.833575+00:00
5849,HighGrove Companies,Michigan,317743,Spire Collective,Consumer Products,"Troy, Virginia, United States",2023-09-07,Recapitalization,,,3,True,,0,0,https://mergr.com/company/317743,2026-09-08T11:14:17.833575+00:00
5849,HighGrove Companies,Michigan,306927,MediaTech,Furniture,"Shelby, Michigan, United States",2021-12-24,"Buyout (LBO, MBO, MBI)",,,4.7,True,,0,0,https://mergr.com/company/306927,2026-09-08T11:14:17.833575+00:00
5849,HighGrove Companies,Michigan,267252,All Star Driver Education,Education,"Ann Arbor, Michigan, United States",2019-12-11,"Buyout (LBO, MBO, MBI)",,,6.7,True,,1,0,https://mergr.com/company/267252,2026-09-08T11:14:17.833575+00:00
5849,HighGrove Companies,Michigan,268132,Express Flooring,Building Materials,"Phoenix, Arizona, United States",2019-11-27,"Buyout (LBO, MBO, MBI)",,,6.8,True,,0,0,https://mergr.com/company/268132,2026-09-08T11:14:17.833575+00:00
4516,Huizenga Group,Michigan,332400,Treva Automation,Information Technology,"Lake Orion, Michigan, United States",2024-05-14,"Buyout (LBO, MBO, MBI)",,,2.3,True,,0,0,https://mergr.com/company/332400,2026-09-08T11:14:17.833575+00:00
4516,Huizenga Group,Michigan,318534,API Alliance,Semiconductors,"Fort Wayne, Indiana, United States",2023-11-01,"Buyout (LBO, MBO, MBI)",,,2.8,True,,0,0,https://mergr.com/company/318534,2026-09-08T11:14:17.833575+00:00
4516,Huizenga Group,Michigan,318533,Adaptek Systems,Business Services,"Fort Wayne, Indiana, United States",2023-11-01,"Buyout (LBO, MBO, MBI)",,,2.8,True,,0,0,https://mergr.com/company/318533,2026-09-08T11:14:17.833575+00:00
4516,Huizenga Group,Michigan,304627,Bulldog Factory Service,Machinery,"Madison Heights, Michigan, United States",2022-09-06,"Buyout (LBO, MBO, MBI)",,,4,True,,1,0,https://mergr.com/company/304627,2026-09-08T11:14:17.833575+00:00
4516,Huizenga Group,Michigan,332668,Churchill Technologies,Machinery,"Grand Haven, Michigan, United States",2022-04-21,"Buyout (LBO, MBO, MBI)",,,4.3,True,,0,0,https://mergr.com/company/332668,2026-09-08T11:14:17.833575+00:00
4516,Huizenga Group,Michigan,332650,GSE Automation,Information Technology,"Lansing, Michigan, United States",2021-01-01,"Buyout (LBO, MBO, MBI)",,,5.7,True,,0,0,https://mergr.com/company/332650,2026-09-08T11:14:17.833575+00:00
4516,Huizenga Group,Michigan,332662,Pinnacle Tool,Manufacturing,"Wyoming, Michigan, United States",2019-08-01,"Buyout (LBO, MBO, MBI)",,,7.1,True,,0,0,https://mergr.com/company/332662,2026-09-08T11:14:17.833575+00:00
4516,Huizenga Group,Michigan,223487,Dolan Consulting Group,Business Services,"Raleigh, North Carolina, United States",2016-02-01,"Buyout (LBO, MBO, MBI)",2019-12-01,Unknown,3.8,False,,0,0,https://mergr.com/company/223487,2026-09-08T11:14:17.833575+00:00
4516,Huizenga Group,Michigan,223483,Midstate Security,Safety/Security,"Wyoming, Michigan, United States",2015-12-01,"Buyout (LBO, MBO, MBI)",2019-08-26,Divestiture,3.7,False,,0,0,https://mergr.com/company/223483,2026-09-08T11:14:17.833575+00:00
4516,Huizenga Group,Michigan,179158,CNC Precision Machining,Metals/Mining,"Comstock Park, Michigan, United States",2011-01-01,"Buyout (LBO, MBO, MBI)",2015-10-31,Divestiture,4.8,False,,0,0,https://mergr.com/company/179158,2026-09-08T11:14:17.833575+00:00
4516,Huizenga Group,Michigan,179149,Praxis Packaging Solutions,Packaging,"Grand Rapids, Michigan, United States",2008-09-01,"Buyout (LBO, MBO, MBI)",2022-08-10,Trade Sale - Public Company,13.9,False,,0,0,https://mergr.com/company/179149,2026-09-08T11:14:17.833575+00:00
4516,Huizenga Group,Michigan,179145,Lakeland Monroe Group,Automotive,"Grand Rapids, Michigan, United States",2006-09-01,"Buyout (LBO, MBO, MBI)",,,20,True,,1,0,https://mergr.com/company/179145,2026-09-08T11:14:17.833575+00:00
4516,Huizenga Group,Michigan,179143,Parkway,Electrical Equipment,"Holland, Michigan, United States",2002-12-01,"Buyout (LBO, MBO, MBI)",,,23.8,True,,3,0,https://mergr.com/company/179143,2026-09-08T11:14:17.833575+00:00
4516,Huizenga Group,Michigan,179138,Datum Industries,Machinery,"Grand Rapids, Michigan, United States",2001-11-01,"Buyout (LBO, MBO, MBI)",,,24.8,True,,0,0,https://mergr.com/company/179138,2026-09-08T11:14:17.833575+00:00
4516,Huizenga Group,Michigan,179136,Competition Engineering,Engineering,"Marne, Michigan, United States",1997-12-01,"Buyout (LBO, MBO, MBI)",,,28.8,True,,0,0,https://mergr.com/company/179136,2026-09-08T11:14:17.833575+00:00
4516,Huizenga Group,Michigan,179161,Dane Systems LLC,Construction,"Stevensville, Michigan, United States",1997-04-01,"Buyout (LBO, MBO, MBI)",2015-03-17,Trade Sale - Public Company,17.9,False,,0,0,https://mergr.com/company/179161,2026-09-08T11:14:17.833575+00:00
4516,Huizenga Group,Michigan,115605,"American Litho, Inc.",Business Services,"Carol Stream, Illinois, United States",1995-10-01,"Buyout (LBO, MBO, MBI)",2005-08-04,Divestiture,9.8,False,,0,0,https://mergr.com/company/115605,2026-09-08T11:14:17.833575+00:00
4516,Huizenga Group,Michigan,179121,JR Automation Technologies LLC,Information Technology,"Holland, Michigan, United States",1995-01-01,"Buyout (LBO, MBO, MBI)",2015-03-17,Trade Sale - Public Company,20.2,False,603,0,0,https://mergr.com/company/179121,2026-09-08T11:14:17.833575+00:00
5887,Leelanau Private Capital,Michigan,335720,Capital Stoneworks,Building Materials,"Bridgeport, Michigan, United States",2024-12-20,"Buyout (LBO, MBO, MBI)",,,1.7,True,,0,0,https://mergr.com/company/335720,2026-09-08T11:14:17.833575+00:00
5887,Leelanau Private Capital,Michigan,335721,Chippewa Concrete Services,Building Materials,"Chippewa Falls, Wisconsin, United States",2024-07-15,Growth Capital,,,2.1,True,,0,0,https://mergr.com/company/335721,2026-09-08T11:14:17.833575+00:00
5887,Leelanau Private Capital,Michigan,335724,Glasco,Distribution,"Detroit, Michigan, United States",2024-05-14,Growth Capital,,,2.3,True,,0,0,https://mergr.com/company/335724,2026-09-08T11:14:17.833575+00:00
5887,Leelanau Private Capital,Michigan,312637,Smede-Son Steel & Building Supply,Building Materials,"Detroit, Michigan, United States",2023-01-03,Recapitalization,,,3.7,True,,0,0,https://mergr.com/company/312637,2026-09-08T11:14:17.833575+00:00
5887,Leelanau Private Capital,Michigan,312794,BSM Wall Systems,Construction,"Lenexa, Kansas, United States",2021-11-01,"Buyout (LBO, MBO, MBI)",,,4.8,True,,0,0,https://mergr.com/company/312794,2026-09-08T11:14:17.833575+00:00
5887,Leelanau Private Capital,Michigan,300972,Titanus Cement Wall,Construction,"Novi, Michigan, United States",2021-07-30,Recapitalization,,,5.1,True,,0,0,https://mergr.com/company/300972,2026-09-08T11:14:17.833575+00:00
5887,Leelanau Private Capital,Michigan,239011,Eastern Wholesale Fence,Building Materials,"Medford, New York, United States",2020-11-05,Secondary Buyout,,,5.8,True,,3,0,https://mergr.com/company/239011,2026-09-08T11:14:17.833575+00:00
6457,Longhouse Partners,Michigan,306929,DTI,Engineering,"Livonia, Michigan, United States",2021-06-01,"Buyout (LBO, MBO, MBI)",,,5.3,True,,0,0,https://mergr.com/company/306929,2026-09-08T11:14:17.833575+00:00
6457,Longhouse Partners,Michigan,268132,Express Flooring,Building Materials,"Phoenix, Arizona, United States",2019-11-27,"Buyout (LBO, MBO, MBI)",,,6.8,True,,0,0,https://mergr.com/company/268132,2026-09-08T11:14:17.833575+00:00
6457,Longhouse Partners,Michigan,306928,SaveOn,Marketing,"Troy, Michigan, United States",2019-06-01,"Buyout (LBO, MBO, MBI)",,,7.3,True,,0,0,https://mergr.com/company/306928,2026-09-08T11:14:17.833575+00:00
5363,Lorient Capital,Michigan,349055,PeterMD,Healthcare Services,"Vero Beach, Florida, United States",2026-05-12,"Buyout (LBO, MBO, MBI)",,,0.3,True,,0,0,https://mergr.com/company/349055,2026-09-08T11:14:17.833575+00:00
5363,Lorient Capital,Michigan,345082,Vitae Health Systems,Healthcare Services,"Chicago, Illinois, United States",2025-04-01,Growth Capital,,,1.4,True,,0,0,https://mergr.com/company/345082,2026-09-08T11:14:17.833575+00:00
5363,Lorient Capital,Michigan,197346,American Family Care,Healthcare Services,"Birmingham, Alabama, United States",2024-03-05,Growth Capital,,,2.5,True,,1,0,https://mergr.com/company/197346,2026-09-08T11:14:17.833575+00:00
5363,Lorient Capital,Michigan,350494,Reveal Dental,Healthcare Services,"Miami, Florida, United States",2023-11-01,Growth Capital,,,2.8,True,,0,0,https://mergr.com/company/350494,2026-09-08T11:14:17.833575+00:00
5363,Lorient Capital,Michigan,350443,Manor,Healthcare Services,"Dallas, Texas, United States",2023-10-01,Growth Capital,,,2.9,True,,0,0,https://mergr.com/company/350443,2026-09-08T11:14:17.833575+00:00
5363,Lorient Capital,Michigan,350492,Midwest Express Clinic,Healthcare Services,"Chicago, Illinois, United States",2023-02-01,"Buyout (LBO, MBO, MBI)",,,3.6,True,,0,0,https://mergr.com/company/350492,2026-09-08T11:14:17.833575+00:00
5363,Lorient Capital,Michigan,319908,Primor Health,Healthcare Services,"Dallas, Texas, United States",2022-12-19,Growth Capital,,,3.7,True,,0,0,https://mergr.com/company/319908,2026-09-08T11:14:17.833575+00:00
5363,Lorient Capital,Michigan,311377,PurposeCare,Healthcare Services,"Chicago, Illinois, United States",2021-12-01,Growth Capital,,,4.8,True,,7,0,https://mergr.com/company/311377,2026-09-08T11:14:17.833575+00:00
5363,Lorient Capital,Michigan,304646,ShiftKey,Staffing,"Dallas, Texas, United States",2021-08-25,Growth Capital,,,5,True,,1,0,https://mergr.com/company/304646,2026-09-08T11:14:17.833575+00:00
5363,Lorient Capital,Michigan,323169,Transitions Care,Healthcare Services,"Elk Grove Village, Illinois, United States",2020-12-01,"Buyout (LBO, MBO, MBI)",,,5.8,True,,0,0,https://mergr.com/company/323169,2026-09-08T11:14:17.833575+00:00
5363,Lorient Capital,Michigan,274678,Pelvic Rehabilitation Medicine,Healthcare Services,"New York, New York, United States",2019-02-01,"Buyout (LBO, MBO, MBI)",,,7.6,True,,0,0,https://mergr.com/company/274678,2026-09-08T11:14:17.833575+00:00
5363,Lorient Capital,Michigan,264443,Centria Healthcare,Healthcare Services,"Farmington Hills, Michigan, United States",2016-11-03,Growth Capital,2019-12-09,Merger,3.1,False,,0,0,https://mergr.com/company/264443,2026-09-08T11:14:17.833575+00:00
5363,Lorient Capital,Michigan,250151,MedCerts LLC,Education,"Livonia, Michigan, United States",2016-04-01,Venture,,,10.4,True,19,0,0,https://mergr.com/company/250151,2026-09-08T11:14:17.833575+00:00
5363,Lorient Capital,Michigan,250150,Healthy Living Network,Healthcare Services,"Folsom, California, United States",2015-01-01,"Buyout (LBO, MBO, MBI)",,,11.7,True,,0,0,https://mergr.com/company/250150,2026-09-08T11:14:17.833575+00:00
3505,LV2 Equity Partners,Michigan,108393,Martin Yale Industries,Manufacturing,"Wabash, Indiana, United States",2014-06-30,Divestiture,,,12.2,True,,3,1,https://mergr.com/company/108393,2026-09-08T11:14:17.833575+00:00
3505,LV2 Equity Partners,Michigan,108381,Auto-Lab Complete Car Care Centers,Automotive,"Bloomfield Hills, Michigan, United States",2012-01-11,Growth Capital,,,14.6,True,,0,0,https://mergr.com/company/108381,2026-09-08T11:14:17.833575+00:00
3505,LV2 Equity Partners,Michigan,108409,Cast Aluminum Solutions,Electrical Equipment,"Batavia, Illinois, United States",2010-02-01,Divestiture,,,16.6,True,,0,0,https://mergr.com/company/108409,2026-09-08T11:14:17.833575+00:00
3505,LV2 Equity Partners,Michigan,108389,Nex Solutions,Metals/Mining,"Litchfield, Michigan, United States",2007-11-12,Growth Capital,,,18.8,True,,0,0,https://mergr.com/company/108389,2026-09-08T11:14:17.833575+00:00
5502,Michigan Capital Advisors,Michigan,163001,Havis,Automotive,"Warminster, Pennsylvania, United States",2020-12-07,Growth Capital,,,5.8,True,,3,0,https://mergr.com/company/163001,2026-09-08T11:14:17.833575+00:00
5502,Michigan Capital Advisors,Michigan,280017,Verge.io,Software,"Clarkston, Michigan, United States",2020-08-05,Venture,,,6.1,True,,0,0,https://mergr.com/company/280017,2026-09-08T11:14:17.833575+00:00
5502,Michigan Capital Advisors,Michigan,255106,Ventech,Automotive,"Wixom, Michigan, United States",2018-10-16,Growth Capital,,,7.8,True,,0,0,https://mergr.com/company/255106,2026-09-08T11:14:17.833575+00:00
5502,Michigan Capital Advisors,Michigan,274497,Fusion Coolant Systems,Chemicals,"Canton, Michigan, United States",2018-10-11,Growth Capital,,,7.8,True,,0,0,https://mergr.com/company/274497,2026-09-08T11:14:17.833575+00:00
5502,Michigan Capital Advisors,Michigan,274496,Light Guide Systems,Information Technology,"Wixom, Michigan, United States",2017-04-03,Growth Capital,,,9.4,True,,0,0,https://mergr.com/company/274496,2026-09-08T11:14:17.833575+00:00
1881,O2 Investment Partners,Michigan,348790,Atlas Asphalt,Building Materials,"Deer Park, New York, United States",2026-05-05,Growth Capital,,,0.3,True,,0,0,https://mergr.com/company/348790,2026-09-08T11:14:17.833575+00:00
1881,O2 Investment Partners,Michigan,348514,Steffl Drilling & Pump,Oil/Gas Exploration,"Willmar, Minnesota, United States",2026-04-28,Growth Capital,,,0.3,True,,0,0,https://mergr.com/company/348514,2026-09-08T11:14:17.833575+00:00
1881,O2 Investment Partners,Michigan,346514,Dynamic Drain Technologies,Environmental,"Alexandria, Virginia, United States",2025-10-01,"Buyout (LBO, MBO, MBI)",,,0.9,True,,0,0,https://mergr.com/company/346514,2026-09-08T11:14:17.833575+00:00
1881,O2 Investment Partners,Michigan,333050,Azureon,Business Services,United States,2024-06-01,Consolidation,,,2.3,True,,5,0,https://mergr.com/company/333050,2026-09-08T11:14:17.833575+00:00
1881,O2 Investment Partners,Michigan,319348,Straightaway Tire & Auto,Automotive,United States,2023-07-12,Consolidation,,,3.1,True,,6,0,https://mergr.com/company/319348,2026-09-08T11:14:17.833575+00:00
1881,O2 Investment Partners,Michigan,313772,4M Building Solutions,Business Services,"St. Louis, Missouri, United States",2022-12-01,Growth Capital,,,3.8,True,,8,0,https://mergr.com/company/313772,2026-09-08T11:14:17.833575+00:00
1881,O2 Investment Partners,Michigan,295608,Orchestra,Marketing,"New York, New York, United States",2022-01-28,Growth Capital,,,4.6,True,,4,0,https://mergr.com/company/295608,2026-09-08T11:14:17.833575+00:00
1881,O2 Investment Partners,Michigan,299554,Modular Devices,Medical Products,"Indianapolis, Indiana, United States",2022-01-20,Growth Capital,,,4.6,True,,3,0,https://mergr.com/company/299554,2026-09-08T11:14:17.833575+00:00
1881,O2 Investment Partners,Michigan,294806,Stronghouse Solutions,Construction,"Burnsville, Minnesota, United States",2021-11-02,Growth Capital,,,4.8,True,,3,0,https://mergr.com/company/294806,2026-09-08T11:14:17.833575+00:00
1881,O2 Investment Partners,Michigan,288363,unWired Broadband,Communications,"Fresno, California, United States",2021-07-27,Growth Capital,,,5.1,True,,1,0,https://mergr.com/company/288363,2026-09-08T11:14:17.833575+00:00
1881,O2 Investment Partners,Michigan,280353,Flip Electronics,Distribution,"Alpharetta, Georgia, United States",2021-01-12,Growth Capital,,,5.6,True,,1,0,https://mergr.com/company/280353,2026-09-08T11:14:17.833575+00:00
1881,O2 Investment Partners,Michigan,287258,SIB Fixed Cost Reduction,Business Services,"Charleston, South Carolina, United States",2020-03-01,"Buyout (LBO, MBO, MBI)",,,6.5,True,,4,0,https://mergr.com/company/287258,2026-09-08T11:14:17.833575+00:00
1881,O2 Investment Partners,Michigan,269744,Cargo Repair,Aerospace,"Louisville, Kentucky, United States",2020-01-28,"Buyout (LBO, MBO, MBI)",,,6.6,True,,0,0,https://mergr.com/company/269744,2026-09-08T11:14:17.833575+00:00
1881,O2 Investment Partners,Michigan,328235,FCAH Aerospace,Aerospace,"Louisville, Kentucky, United States",2020-01-28,"Buyout (LBO, MBO, MBI)",,,6.6,True,,2,0,https://mergr.com/company/328235,2026-09-08T11:14:17.833575+00:00
1881,O2 Investment Partners,Michigan,265708,Frontier Dental Laboratories,Healthcare Services,"El Dorado Hills, California, United States",2019-07-08,Growth Capital,,,7.2,True,,3,0,https://mergr.com/company/265708,2026-09-08T11:14:17.833575+00:00
1881,O2 Investment Partners,Michigan,256298,Vessco,Distribution,"Chanhassen, Minnesota, United States",2018-10-01,Growth Capital,2020-11-16,Trade Sale - Public Company,2.1,False,,1,0,https://mergr.com/company/256298,2026-09-08T11:14:17.833575+00:00
1881,O2 Investment Partners,Michigan,250915,Environmental Infrastructure Solutions,Environmental,"Westlake, Texas, United States",2018-05-16,Growth Capital,2021-07-20,Trade Sale - Public Company,3.2,False,,2,0,https://mergr.com/company/250915,2026-09-08T11:14:17.833575+00:00
1881,O2 Investment Partners,Michigan,293837,Mantis Innovation,Renewable Energy,"Houston, Texas, United States",2018-05-07,Growth Capital,2021-12-16,Trade Sale - Public Company,3.6,False,,2,0,https://mergr.com/company/293837,2026-09-08T11:14:17.833575+00:00
1881,O2 Investment Partners,Michigan,245430,MHC Software,Software,"Burnsville, Minnesota, United States",2017-09-29,Growth Capital,2020-03-03,Trade Sale - Public Company,2.4,False,,1,0,https://mergr.com/company/245430,2026-09-08T11:14:17.833575+00:00
1881,O2 Investment Partners,Michigan,231362,Clio Holdings LLC,Building Materials,"Birmingham, Michigan, United States",2016-10-11,"Buyout (LBO, MBO, MBI)",,,9.8,True,,4,0,https://mergr.com/company/231362,2026-09-08T11:14:17.833575+00:00
1881,O2 Investment Partners,Michigan,200429,PC Treasures,Distribution,"Auburn Hills, Michigan, United States",2015-01-07,Growth Capital,,,11.7,True,,0,0,https://mergr.com/company/200429,2026-09-08T11:14:17.833575+00:00
1881,O2 Investment Partners,Michigan,100317,DuAll Precision,Manufacturing,"Addison, Illinois, United States",2014-06-12,"Buyout (LBO, MBO, MBI)",,,12.2,True,,0,0,https://mergr.com/company/100317,2026-09-08T11:14:17.833575+00:00
1881,O2 Investment Partners,Michigan,130305,Packaging Concepts & Design,Packaging,"Troy, Michigan, United States",2014-05-01,Growth Capital,2021-12-06,Divestiture,7.6,False,,1,0,https://mergr.com/company/130305,2026-09-08T11:14:17.833575+00:00
1881,O2 Investment Partners,Michigan,9060,Alpha Precision Group,Manufacturing,"Ridgway, Pennsylvania, United States",2014-01-23,Secondary Buyout,2022-01-10,Divestiture,7.9,False,,3,0,https://mergr.com/company/9060,2026-09-08T11:14:17.833575+00:00
1881,O2 Investment Partners,Michigan,36765,Mercury Manufacturing Co.,Manufacturing,"Wyandotte, Maine, United States",2013-02-12,"Buyout (LBO, MBO, MBI)",2018-02-13,Divestiture,5,False,,0,0,https://mergr.com/company/36765,2026-09-08T11:14:17.833575+00:00
1881,O2 Investment Partners,Michigan,46433,Greco Aluminum Railings Ltd.,Manufacturing,"Windsor, Ontario, Canada",2012-09-10,"Buyout (LBO, MBO, MBI)",2017-02-28,Divestiture,4.4,False,14,0,0,https://mergr.com/company/46433,2026-09-08T11:14:17.833575+00:00
1881,O2 Investment Partners,Michigan,26789,Silbond Corp.,Chemicals,"Weston, Michigan, United States",2010-12-27,"Buyout (LBO, MBO, MBI)",2014-03-04,Divestiture,3.2,False,,0,0,https://mergr.com/company/26789,2026-09-08T11:14:17.833575+00:00
5115,Oakland Standard,Michigan,309065,Paramount Fence,Building Materials,"Livonia, Michigan, United States",2021-07-01,"Buyout (LBO, MBO, MBI)",,,5.2,True,,0,0,https://mergr.com/company/309065,2026-09-08T11:14:17.833575+00:00
5115,Oakland Standard,Michigan,309064,KSI Kitchen & Baths,Consumer Services,"Livonia, Michigan, United States",2019-10-01,"Buyout (LBO, MBO, MBI)",,,6.9,True,,2,0,https://mergr.com/company/309064,2026-09-08T11:14:17.833575+00:00
5115,Oakland Standard,Michigan,231362,Clio Holdings LLC,Building Materials,"Birmingham, Michigan, United States",2016-10-11,"Buyout (LBO, MBO, MBI)",,,9.8,True,,4,0,https://mergr.com/company/231362,2026-09-08T11:14:17.833575+00:00
5115,Oakland Standard,Michigan,269455,InterClean Equipment,Machinery,"Ypsilanti, Michigan, United States",2016-09-09,Divestiture,,,9.9,True,,1,0,https://mergr.com/company/269455,2026-09-08T11:14:17.833575+00:00
5115,Oakland Standard,Michigan,309066,Oakland Automation,Machinery,"Livonia, Michigan, United States",2016-02-01,"Buyout (LBO, MBO, MBI)",,,10.6,True,,0,0,https://mergr.com/company/309066,2026-09-08T11:14:17.833575+00:00
5115,Oakland Standard,Michigan,214896,Motor City Industrial,Distribution,"Hazel Park, Michigan, United States",2015-07-31,"Buyout (LBO, MBO, MBI)",2023-01-30,Divestiture,7.4,False,,3,0,https://mergr.com/company/214896,2026-09-08T11:14:17.833575+00:00
5115,Oakland Standard,Michigan,304415,Lawton Standard,Metals/Mining,"De Pere, Wisconsin, United States",2014-12-01,"Buyout (LBO, MBO, MBI)",,,11.8,True,,5,0,https://mergr.com/company/304415,2026-09-08T11:14:17.833575+00:00
6734,Providus Capital Partners,Michigan,339207,Wold Architects & Engineers,Engineering,"Minneapolis, Minnesota, United States",2025-08-12,Growth Capital,,,1,True,,0,0,https://mergr.com/company/339207,2026-09-08T11:14:17.833575+00:00
6734,Providus Capital Partners,Michigan,329773,McMillan Pazdan Smith Architecture,Engineering,"Spartanburg, South Carolina, United States",2024-10-15,Growth Capital,,,1.8,True,,0,0,https://mergr.com/company/329773,2026-09-08T11:14:17.833575+00:00
4305,Pulte Capital Partners,Michigan,167453,Carstin Kitchen & Bath Surfaces,Building Materials,"Arthur, Illinois, United States",2013-03-24,Venture,2020-01-15,Divestiture,6.8,False,,0,0,https://mergr.com/company/167453,2026-09-08T11:14:17.833575+00:00
460,Quantum Ventures of Michigan LLC,Michigan,3665,"Manitex, Inc.",Machinery,"Georgetown, Texas, United States",2005-01-01,PIPE,,,21.7,True,,0,0,https://mergr.com/company/3665,2026-09-08T11:14:17.833575+00:00
460,Quantum Ventures of Michigan LLC,Michigan,3654,Monroe Engineering,Distribution,"Rochester Hills, Michigan, United States",2004-01-01,"Buyout (LBO, MBO, MBI)",2011-05-31,Trade Sale - Public Company,7.3,False,,0,0,https://mergr.com/company/3654,2026-09-08T11:14:17.833575+00:00
5844,RHV Capital,Michigan,319169,Liberty Fire Solutions,Safety/Security,"Claysburg, Pennsylvania, United States",2019-01-01,"Buyout (LBO, MBO, MBI)",,,7.7,True,,0,0,https://mergr.com/company/319169,2026-09-08T11:14:17.833575+00:00
5844,RHV Capital,Michigan,319172,Fire Pros,Safety/Security,"Grand Rapids, Michigan, United States",2018-01-01,"Buyout (LBO, MBO, MBI)",,,8.7,True,,0,0,https://mergr.com/company/319172,2026-09-08T11:14:17.833575+00:00
5844,RHV Capital,Michigan,319177,Fire Systems of Michigan,Safety/Security,"Novi, Michigan, United States",2018-01-01,"Buyout (LBO, MBO, MBI)",,,8.7,True,,0,0,https://mergr.com/company/319177,2026-09-08T11:14:17.833575+00:00
5844,RHV Capital,Michigan,266832,Street Smart Rental,Business Services,"Lino Lakes, Minnesota, United States",2015-10-09,Growth Capital,2020-04-13,Trade Sale - Public Company,4.5,False,,0,0,https://mergr.com/company/266832,2026-09-08T11:14:17.833575+00:00
5844,RHV Capital,Michigan,319162,Guardian Fire Protection Services,Safety/Security,"Rockville, Maryland, United States",2012-01-01,"Buyout (LBO, MBO, MBI)",2024-01-18,Trade Sale - Public Company,12,False,,0,0,https://mergr.com/company/319162,2026-09-08T11:14:17.833575+00:00
5844,RHV Capital,Michigan,319164,Confires Fire Protection Service,Safety/Security,"South Plainfield, New Jersey, United States",2012-01-01,"Buyout (LBO, MBO, MBI)",,,14.7,True,,0,0,https://mergr.com/company/319164,2026-09-08T11:14:17.833575+00:00
1945,Speyside Equity,Michigan,336646,GSC Technologies,Plastics,"St-Jean-sur-Richelieu, Quebec, Canada",2025-01-09,"Buyout (LBO, MBO, MBI)",,,1.6,True,,0,0,https://mergr.com/company/336646,2026-09-08T11:14:17.833575+00:00
1945,Speyside Equity,Michigan,336648,Reed Minerals,Building Materials,United States,2024-09-04,Divestiture,,,2,True,,1,0,https://mergr.com/company/336648,2026-09-08T11:14:17.833575+00:00
1945,Speyside Equity,Michigan,261797,Weatherly Casting & Machine,Manufacturing,"Weatherly, Pennsylvania, United States",2019-06-18,"Buyout (LBO, MBO, MBI)",,,7.2,True,,0,0,https://mergr.com/company/261797,2026-09-08T11:14:17.833575+00:00
1945,Speyside Equity,Michigan,242541,Craftsman Custom Metals,Manufacturing,"Schiller Park, Illinois, United States",2017-08-09,"Buyout (LBO, MBO, MBI)",,,9,True,,0,0,https://mergr.com/company/242541,2026-09-08T11:14:17.833575+00:00
1945,Speyside Equity,Michigan,239887,Avon Machining,Machinery,"Shelby Township, Michigan, United States",2017-05-17,"Buyout (LBO, MBO, MBI)",2023-06-05,Trade Sale - Public Company,6,False,,1,0,https://mergr.com/company/239887,2026-09-08T11:14:17.833575+00:00
1945,Speyside Equity,Michigan,239891,M&T Hardware,Building Materials,"Vancouver, British Columbia, Canada",2017-05-12,"Buyout (LBO, MBO, MBI)",,,9.3,True,,0,0,https://mergr.com/company/239891,2026-09-08T11:14:17.833575+00:00
1945,Speyside Equity,Michigan,239432,Ashland Foundry & Machine Works,Manufacturing,"Ashland, Pennsylvania, United States",2017-05-01,"Buyout (LBO, MBO, MBI)",,,9.3,True,,0,0,https://mergr.com/company/239432,2026-09-08T11:14:17.833575+00:00
1945,Speyside Equity,Michigan,27064,Shanahan's,Building Materials,"Surrey, British Columbia, Canada",2017-03-21,Secondary Buyout,,,9.4,True,,0,1,https://mergr.com/company/27064,2026-09-08T11:14:17.833575+00:00
1945,Speyside Equity,Michigan,234541,Midland Stamping & Fabricating,Manufacturing,"Schiller Park, Illinois, United States",2017-01-13,Divestiture,,,9.6,True,,0,0,https://mergr.com/company/234541,2026-09-08T11:14:17.833575+00:00
1945,Speyside Equity,Michigan,28263,Western Industries Plastic Products,Plastics,"Winfield, Kansas, United States",2017-01-04,Secondary Buyout,2019-03-15,Trade Sale - Public Company,2.2,False,,0,0,https://mergr.com/company/28263,2026-09-08T11:14:17.833575+00:00
1945,Speyside Equity,Michigan,220237,Dalton,Manufacturing,"Warsaw, Indiana, United States",2016-05-02,Divestiture,,,10.3,True,70,0,0,https://mergr.com/company/220237,2026-09-08T11:14:17.833575+00:00
1945,Speyside Equity,Michigan,224997,Oxxynova,Chemicals,"Steyerberg, Germany",2016-02-15,Stake Purchase,,,10.5,True,,0,0,https://mergr.com/company/224997,2026-09-08T11:14:17.833575+00:00
1945,Speyside Equity,Michigan,210919,Opta,Metals/Mining,"Amherst, New York, United States",2016-02-12,Divestiture,,,10.5,True,,5,0,https://mergr.com/company/210919,2026-09-08T11:14:17.833575+00:00
1945,Speyside Equity,Michigan,224994,Pacific Steel,Manufacturing,"Berkeley, California, United States",2014-08-25,"Buyout (LBO, MBO, MBI)",,,12,True,,0,0,https://mergr.com/company/224994,2026-09-08T11:14:17.833575+00:00
1945,Speyside Equity,Michigan,224990,Magic Valley,Food,"McAllen, Texas, United States",2014-01-13,"Buyout (LBO, MBO, MBI)",2017-12-01,Unknown,3.8,False,,0,0,https://mergr.com/company/224990,2026-09-08T11:14:17.833575+00:00
1945,Speyside Equity,Michigan,27367,Sweet Ovations LLC,Food,"Philadelphia, Pennsylvania, United States",2011-11-10,Stake Purchase,2012-11-01,Trade Sale,0.9,False,100,1,0,https://mergr.com/company/27367,2026-09-08T11:14:17.833575+00:00
1945,Speyside Equity,Michigan,27368,United Initiators,Chemicals,"Pullach, Germany",2011-10-11,Stake Purchase,2011-10-19,Stake Sale,0,False,266,0,0,https://mergr.com/company/27368,2026-09-08T11:14:17.833575+00:00
1945,Speyside Equity,Michigan,27368,United Initiators,Chemicals,"Pullach, Germany",2008-05-16,Divestiture,2011-10-19,Stake Sale,3.4,False,266,0,0,https://mergr.com/company/27368,2026-09-08T11:14:17.833575+00:00
1945,Speyside Equity,Michigan,27369,Stahl Specialty Co.,Machinery,"Kingsville, Missouri, United States",2006-01-01,"Buyout (LBO, MBO, MBI)",2010-12-31,Divestiture,4.9,False,,0,0,https://mergr.com/company/27369,2026-09-08T11:14:17.833575+00:00
1945,Speyside Equity,Michigan,27367,Sweet Ovations LLC,Food,"Philadelphia, Pennsylvania, United States",2005-02-22,Divestiture,2011-11-02,Stake Sale,6.7,False,100,0,0,https://mergr.com/company/27367,2026-09-08T11:14:17.833575+00:00
2340,Stone River Capital Partners,Michigan,309163,Unisorb Installation Technologies,Business Services,"Michigan Center, Michigan, United States",2022-12-29,"Buyout (LBO, MBO, MBI)",,,3.7,True,,1,0,https://mergr.com/company/309163,2026-09-08T11:14:17.833575+00:00
2340,Stone River Capital Partners,Michigan,30675,"Burtek Enterprises, Inc.",Defense,"Chesterfield, Michigan, United States",2012-02-16,Special Situations/Distressed,,,14.5,True,,1,0,https://mergr.com/company/30675,2026-09-08T11:14:17.833575+00:00
2340,Stone River Capital Partners,Michigan,30665,Fabco,Automotive,"Livermore, California, United States",2011-09-26,Divestiture,2017-09-05,Divestiture,5.9,False,,1,0,https://mergr.com/company/30665,2026-09-08T11:14:17.833575+00:00
4819,Stratford-Cambridge Group,Michigan,280657,Jet Edge Waterjet Systems,Machinery,"St. Michael, Minnesota, United States",2020-12-16,Secondary Buyout,,,5.7,True,,0,0,https://mergr.com/company/280657,2026-09-08T11:14:17.833575+00:00
4819,Stratford-Cambridge Group,Michigan,276217,AIC Equipment & Controls and Plasti-Co. Equipment Co.,Manufacturing,"Wixom, Michigan, United States",2019-06-11,"Buyout (LBO, MBO, MBI)",,,7.2,True,,0,0,https://mergr.com/company/276217,2026-09-08T11:14:17.833575+00:00
4819,Stratford-Cambridge Group,Michigan,268378,Hy-Brid Lifts,Machinery,"Richfield, Wisconsin, United States",2017-12-07,"Buyout (LBO, MBO, MBI)",,,8.8,True,,0,0,https://mergr.com/company/268378,2026-09-08T11:14:17.833575+00:00
4819,Stratford-Cambridge Group,Michigan,19873,Aetna,Manufacturing,"Livonia, Michigan, United States",2016-07-05,Secondary Buyout,,,10.2,True,,0,0,https://mergr.com/company/19873,2026-09-08T11:14:17.833575+00:00
4819,Stratford-Cambridge Group,Michigan,212509,Speedgrip Chuck,Manufacturing,"Elkhart, Indiana, United States",2015-12-16,"Buyout (LBO, MBO, MBI)",,,10.7,True,,0,0,https://mergr.com/company/212509,2026-09-08T11:14:17.833575+00:00
4612,Talon Group,Michigan,266878,Pacific Shoring,Manufacturing,"Santa Rosa, California, United States",2019-12-03,Growth Capital,2025-01-13,Trade Sale - Public Company,5.1,False,,1,0,https://mergr.com/company/266878,2026-09-08T11:14:17.833575+00:00
4612,Talon Group,Michigan,47597,DeWayne's Quality Metal Coatings,Manufacturing,"Lexington, Tennessee, United States",2015-07-01,Secondary Buyout,,,11.2,True,,0,0,https://mergr.com/company/47597,2026-09-08T11:14:17.833575+00:00
4612,Talon Group,Michigan,190561,Thomas Industrial Rolls,Machinery,"Dearborn, Michigan, United States",2013-10-04,"Buyout (LBO, MBO, MBI)",2019-10-01,Divestiture,5.9,False,,0,0,https://mergr.com/company/190561,2026-09-08T11:14:17.833575+00:00
4612,Talon Group,Michigan,219108,Adrian Precision Machining,Machinery,"Adrian, Michigan, United States",2012-01-01,"Buyout (LBO, MBO, MBI)",,,14.7,True,,0,0,https://mergr.com/company/219108,2026-09-08T11:14:17.833575+00:00
4612,Talon Group,Michigan,228008,Homer Donaldson,Manufacturing,"Hudson, Michigan, United States",2011-05-02,"Buyout (LBO, MBO, MBI)",,,15.3,True,,0,0,https://mergr.com/company/228008,2026-09-08T11:14:17.833575+00:00
4612,Talon Group,Michigan,19330,ACT Test Panels,Automotive,"Hillsdale, Michigan, United States",2007-08-01,Secondary Buyout,,,19.1,True,,0,0,https://mergr.com/company/19330,2026-09-08T11:14:17.833575+00:00
4917,Tillerman & Co.,Michigan,250501,DF Seeds,Agriculture,"Dansville, Michigan, United States",2017-10-15,"Buyout (LBO, MBO, MBI)",,,8.8,True,,0,0,https://mergr.com/company/250501,2026-09-08T11:14:17.833575+00:00
4917,Tillerman & Co.,Michigan,217464,Jackson Flexible Products,Manufacturing,"Jackson, Michigan, United States",2016-03-17,"Buyout (LBO, MBO, MBI)",,,10.4,True,,0,0,https://mergr.com/company/217464,2026-09-08T11:14:17.833575+00:00
6141,TRM Equity,Michigan,270151,NRE,Automotive,"Mount Vernon, Illinois, United States",2023-05-03,Secondary Buyout,,,3.3,True,,0,0,https://mergr.com/company/270151,2026-09-08T11:14:17.833575+00:00
6141,TRM Equity,Michigan,307118,Gamma Aerospace,Aerospace,"Mansfield, Texas, United States",2023-03-02,Secondary Buyout,,,3.5,True,,0,0,https://mergr.com/company/307118,2026-09-08T11:14:17.833575+00:00
6141,TRM Equity,Michigan,57250,IHP,Consumer Products,"Nashville, Tennessee, United States",2023-01-26,Secondary Buyout,,,3.6,True,,0,0,https://mergr.com/company/57250,2026-09-08T11:14:17.833575+00:00
6141,TRM Equity,Michigan,250921,Wellman,Aerospace,"Creston, Iowa, United States",2022-08-01,Secondary Buyout,2026-01-13,Trade Sale - Public Company,3.4,False,,0,0,https://mergr.com/company/250921,2026-09-08T11:14:17.833575+00:00
6141,TRM Equity,Michigan,3986,Elyria Foundry,Metals/Mining,"Elyria, Ohio, United States",2021-02-02,"Buyout (LBO, MBO, MBI)",,,5.6,True,,0,0,https://mergr.com/company/3986,2026-09-08T11:14:17.833575+00:00
2538,True North Equity,Michigan,213159,IFS Group,Business Services,"Birmingham, Michigan, United States",2015-03-03,"Buyout (LBO, MBO, MBI)",2022-01-01,Unknown,6.8,False,,1,0,https://mergr.com/company/213159,2026-09-08T11:14:17.833575+00:00
2538,True North Equity,Michigan,250157,KS Energy Services LLC,Energy Services and Equipment,"New Berlin, Wisconsin, United States",2010-07-16,"Buyout (LBO, MBO, MBI)",,,16.1,True,,0,1,https://mergr.com/company/250157,2026-09-08T11:14:17.833575+00:00
2538,True North Equity,Michigan,32015,Artera Services,Construction,"Atlanta, Georgia, United States",2010-06-01,"Buyout (LBO, MBO, MBI)",2013-05-06,Trade Sale - Public Company,2.9,False,,4,0,https://mergr.com/company/32015,2026-09-08T11:14:17.833575+00:00
5464,Vision Growth Partners,Michigan,253918,Alline Salon Group,Franchising,"Bloomfield Hills, Michigan, United States",2018-09-04,Growth Capital,2024-12-19,Divestiture,6.3,False,,1,0,https://mergr.com/company/253918,2026-09-08T11:14:17.833575+00:00
6565,Wolverine Capital Partners,Michigan,315260,Vital Plastics,Plastics,"Baldwin, Wisconsin, United States",2023-07-18,"Buyout (LBO, MBO, MBI)",,,3.1,True,,0,0,https://mergr.com/company/315260,2026-09-08T11:14:17.833575+00:00
6565,Wolverine Capital Partners,Michigan,235019,Burkland,Automotive,"Goodrich, Michigan, United States",2009-01-01,"Buyout (LBO, MBO, MBI)",,,17.7,True,15,0,0,https://mergr.com/company/235019,2026-09-08T11:14:17.833575+00:00
6565,Wolverine Capital Partners,Michigan,315308,Creative Techniques,Packaging,"Orion, Michigan, United States",2006-10-11,"Buyout (LBO, MBO, MBI)",,,19.8,True,,0,0,https://mergr.com/company/315308,2026-09-08T11:14:17.833575+00:00
6565,Wolverine Capital Partners,Michigan,315373,Baytech Plastics,Plastics,"Midland, Ontario, Canada",1996-01-01,"Buyout (LBO, MBO, MBI)",,,30.7,True,,0,0,https://mergr.com/company/315373,2026-09-08T11:14:17.833575+00:00
